<?xml version="1.0" encoding="utf-8" ?>
<extension version="2.5" type="template">
    <name>iPhAppStart</name>
    <creationDate>2017-04-14</creationDate>
    <author>Thorben Hartmann</author>
    <group>404</group>
    <authorEmail>thorben.hartmann@stud.hs-flensburg.de</authorEmail>
    <copyright>Thorben Hartmann(404) 2017</copyright>
    <license>GNU/GPL</license>
    <version>0.2.1</version>
    <description>This template is used for the site, that's shown when you aren't logged in.
        It's got a header, a sidebar at the left, a footer and a large space for the content, witch will disable
    if you use a mobile-phone. The Components will be shown in the content (in the sidebar on mobile-phones)</description>
    <files>
        <filename>index.php</filename>
        <filename>templateDetails.xml</filename>
        <filename>favicon.ico</filename>
        <filename>mobileControl.js</filename>
        <folder>img</folder>
        <folder>css</folder>
    </files>
    <positions>
        <position>header</position>
        <position>sidebar-left</position>
        <position>content</position>
        <position>footer</position>
    </positions>
    <config>

        <fields name="params">
            <fieldset name="advanced">
                <field name="logoFile"
                       class=""
                       type="media"
                       default=""
                       label="Site Logo"
                       description="Pick a site logo from the media library" />
            </fieldset>
        </fields>
    </config>
</extension>